File Name,2025-02-26 plate 1 roots ITS.pcrd,,,,,,,,,,,,,,,,,
Created By User,admin,,,,,,,,,,,,,,,,,
Notes,,,,,,,,,,,,,,,,,,
ID,,,,,,,,,,,,,,,,,,
Run Started,02/26/2025 16:34:43 UTC,,,,,,,,,,,,,,,,,
Run Ended,02/26/2025 19:09:14 UTC,,,,,,,,,,,,,,,,,
Sample Vol,10,,,,,,,,,,,,,,,,,
Lid Temp,95,,,,,,,,,,,,,,,,,
Protocol File Name,HM_ITS_16S.prcl,,,,,,,,,,,,,,,,,
Plate Setup File Name,HM_2025-02-26_plate1_roots_ITS.pltd,,,,,,,,,,,,,,,,,
Base Serial Number,CT037939,,,,,,,,,,,,,,,,,
Optical Head Serial Number,786BR05257,,,,,,,,,,,,,,,,,
CFX Maestro Version,4.1.2433.1219. ,,,,,,,,,,,,,,,,,
,,,,,,,,,,,,,,,,,,
Well group,All Wells,,,,,,,,,,,,,,,,,
Amplification step,4,,,,,,,,,,,,,,,,,
Melt step,7,,,,,,,,,,,,,,,,,
,,,,,,,,,,,,,,,,,,
,,,,,,,,,,,,,,,,,,
Well,Fluor,Target,Content,Replicate,Sample,Dilution,Well Note,Cq,Cq Mean,Cq Std. Dev,Starting Quantity (SQ),SQ Std. Dev,Melt Temperature,Peak Height,Begin Temperature,End Temperature,Call,End RFU
A01,SYBR,ITS,Unkn-01,1,1,20,,22.5089153966584,22.1132694984624,0.345153995209383,0.123053048864096,0.0535021230685193,84,628.444121184613,72,91,,4363.21469032753
A02,SYBR,ITS,Unkn-01,1,1,20,,21.9570340816247,22.1132694984624,0.345153995209383,0.206240237001146,0.0535021230685193,83.5,526.428374397484,72,90.5,,3599.47911661499
A03,SYBR,ITS,Unkn-01,1,1,20,,21.8738590171041,22.1132694984624,0.345153995209383,0.222933436598985,0.0535021230685193,83.5,570.063330419771,66,91,,3892.09326296656
A05,SYBR,ITS,Unkn-02,2,1,200,,25.4590485647955,25.6510578620785,0.335499831048891,0.00778354094507977,0.00188792263134611,84,584.606319347757,71.5,94,,4120.00851148292
A06,SYBR,ITS,Unkn-02,2,1,200,,25.4556702339667,25.6510578620785,0.335499831048891,0.00780818593013853,0.00188792263134611,83.5,518.166726148208,71.5,91.5,,3637.61813560666
A07,SYBR,ITS,Unkn-02,2,1,200,,26.0384547874734,25.6510578620785,0.335499831048891,0.0045259551737002,0.00188792263134611,83.5,617.864176897049,70.5,94,,4233.30934868978
A09,SYBR,ITS,Unkn-33,33,27,20,,20.1378718437418,20.2273456964768,0.137601612315713,1.1315382625017,0.129504143814377,83.5,577.746881484804,78.5,95,,3904.17409875848
A10,SYBR,ITS,Unkn-33,33,27,20,,20.1583723507954,20.2273456964768,0.137601612315713,1.11003831543382,0.129504143814377,83.5,567.008669652394,78.5,94,,3846.2719753123
A11,SYBR,ITS,Unkn-33,33,27,20,,20.3857928948933,20.2273456964768,0.137601612315713,0.897254658383138,0.129504143814377,83.5,578.731674133511,78.5,94,,3998.62550110549
A13,SYBR,ITS,Unkn-47,47,27,200,,23.5647360369127,23.5482612899943,0.0647032368721622,0.045815629100477,0.00284952832842794,83.5,593.189702184971,78.5,95,,4249.50409060638
A14,SYBR,ITS,Unkn-47,47,27,200,,23.4769133318665,23.5482612899943,0.0647032368721622,0.0497398232124282,0.00284952832842794,83.5,573.735312236063,78.5,94,,4240.41479028081
A15,SYBR,ITS,Unkn-47,47,27,200,,23.6031345012038,23.5482612899943,0.0647032368721622,0.0441986256392366,0.00284952832842794,83.5,560.36817836515,78.5,94,,4070.36896334902
A22,SYBR,ITS,Std-01,1,Sr1,,,20.5464740513197,20.5336621602089,0.0345868828511323,0.1,1.69967494438815E-17,82.5,493.841186147363,79,95,,4104.1764849014
A23,SYBR,ITS,Std-01,1,Sr1,,,20.560015092076,20.5336621602089,0.0345868828511323,0.1,1.69967494438815E-17,None,None,None,None,,3981.61903077795
A24,SYBR,ITS,Std-01,1,Sr1,,,20.494497337231,20.5336621602089,0.0345868828511323,0.1,1.69967494438815E-17,None,None,None,None,,3576.23997604955
B01,SYBR,ITS,Unkn-03,3,2,20,,21.9989356592214,22.2699791496107,0.235440891315276,0.198310115360376,0.0362936651579736,None,None,None,None,,4444.08635728557
B02,SYBR,ITS,Unkn-03,3,2,20,,22.4237760977182,22.2699791496107,0.235440891315276,0.133257739734358,0.0362936651579736,None,None,None,None,,3599.90018384791
B03,SYBR,ITS,Unkn-03,3,2,20,,22.3872256918925,22.2699791496107,0.235440891315276,0.137894293077623,0.0362936651579736,None,None,None,None,,4028.2241696271
B05,SYBR,ITS,Unkn-04,4,2,200,,25.9064850854103,25.9132143138443,0.0414073401811063,0.00512084802604176,0.000196325668055592,None,None,None,None,,4169.29666903131
B06,SYBR,ITS,Unkn-04,4,2,200,,25.9575741221015,25.9132143138443,0.0414073401811063,0.0048817960426354,0.000196325668055592,None,None,None,None,,3979.71197214821
B07,SYBR,ITS,Unkn-04,4,2,200,,25.8755837340213,25.9132143138443,0.0414073401811063,0.00527108473697654,0.000196325668055592,None,None,None,None,,4287.81669538912
B09,SYBR,ITS,Unkn-34,34,28,20,,21.119386049927,21.1444843442699,0.0407961320869197,0.451635609764049,0.0166607765393208,84,525.345429595502,70.5,95,,4254.76357374613
B10,SYBR,ITS,Unkn-34,34,28,20,,21.1225098602728,21.1444843442699,0.0407961320869197,0.450317350706193,0.0166607765393208,84,532.758860931964,69,95,,4304.97656484271
B11,SYBR,ITS,Unkn-34,34,28,20,,21.1915571226098,21.1444843442699,0.0407961320869197,0.422141760373956,0.0166607765393208,84.5,554.936717813129,72,95,,4514.15283552815
B13,SYBR,ITS,Unkn-48,48,28,200,,24.6156007139599,24.6490647723783,0.0646310921338041,0.0171375605242839,0.000987849628916503,84,538.773771162886,69,95,,4481.24938525508
B14,SYBR,ITS,Unkn-48,48,28,200,,24.6080274700522,24.6490647723783,0.0646310921338041,0.0172594407458457,0.000987849628916503,84,539.059218329576,71,95,,4386.55613658666
B15,SYBR,ITS,Unkn-48,48,28,200,,24.7235661331228,24.6490647723783,0.0646310921338041,0.0154907537051172,0.000987849628916503,84,517.526898993278,70.5,95,,4332.16008947744
B22,SYBR,ITS,Std-02,2,Sr2,,,24.3697242691899,24.1738933799581,0.173331036159202,0.01,0,None,None,None,None,,3685.8492736131
B23,SYBR,ITS,Std-02,2,Sr2,,,24.1117738179687,24.1738933799581,0.173331036159202,0.01,0,None,None,None,None,,4107.21167552835
B24,SYBR,ITS,Std-02,2,Sr2,,,24.0401820527155,24.1738933799581,0.173331036159202,0.01,0,None,None,None,None,,3731.38965673567
C01,SYBR,ITS,Unkn-05,5,3,20,,22.9097231728398,23.0502585042999,0.125812422148872,0.0845681195286512,0.0089655786719584,None,None,None,None,,3902.24767331896
C02,SYBR,ITS,Unkn-05,5,3,20,,23.1524029801827,23.0502585042999,0.125812422148872,0.0673880918630394,0.0089655786719584,None,None,None,None,,3521.26691932851
C03,SYBR,ITS,Unkn-05,5,3,20,,23.0886493598773,23.0502585042999,0.125812422148872,0.0715306581328226,0.0089655786719584,None,None,None,None,,3947.59846675119
C05,SYBR,ITS,Unkn-06,6,3,200,,26.5962147801065,26.4439564035323,0.292378101188384,0.00268559284381696,0.000924634598658413,None,None,None,None,,4225.5735816354
C06,SYBR,ITS,Unkn-06,6,3,200,,26.106871291521,26.4439564035323,0.292378101188384,0.00424527883613676,0.000924634598658413,None,None,None,None,,4166.66731275801
C07,SYBR,ITS,Unkn-06,6,3,200,,26.6287831389695,26.4439564035323,0.292378101188384,0.00260498123505592,0.000924634598658413,84,486.075521037553,69.5,95,,4239.63612357475
C09,SYBR,ITS,Unkn-35,35,29,20,,24.3786314291219,24.4005056655632,0.128471543885917,0.0213920200202931,0.00248929569224642,85,593.905527309935,83,94.5,,4696.59472338158
C10,SYBR,ITS,Unkn-35,35,29,20,,24.5385099940448,24.4005056655632,0.128471543885917,0.0184195143269845,0.00248929569224642,85,582.516801011717,83,95,,4782.78562095999
C11,SYBR,ITS,Unkn-35,35,29,20,,24.2843755735228,24.4005056655632,0.128471543885917,0.0233645150045374,0.00248929569224642,82,602.923838416347,77.5,84.5,,4744.62313552949
C13,SYBR,ITS,Unkn-49,49,29,200,,27.8506543667208,27.9665847883976,0.324660560929174,0.000830317101799258,0.000213869621266976,83.5,562.877417083126,73.5,95,,4946.43960622424
C14,SYBR,ITS,Unkn-49,49,29,200,,27.7158032052118,27.9665847883976,0.324660560929174,0.000941990729258617,0.000213869621266976,85,550.860105692357,83,95,,4639.93632332962
C15,SYBR,ITS,Unkn-49,49,29,200,,28.3332967932602,27.9665847883976,0.324660560929174,0.000528568407712708,0.000213869621266976,85,615.354515209287,77.5,95,,5016.72262263311
C22,SYBR,ITS,Std-03,3,Sr3,,,27.8766518911629,27.9782805962931,0.187886864310627,0.001,0,83.5,522.983781961546,78,95,,4484.77853066498
C23,SYBR,ITS,Std-03,3,Sr3,,,27.8630974232723,27.9782805962931,0.187886864310627,0.001,0,82.5,520.246951810962,78,95,,4403.13845022027
C24,SYBR,ITS,Std-03,3,Sr3,,,28.1950924744441,27.9782805962931,0.187886864310627,0.001,0,83,498.295388322384,71,95,,4389.72715054896
D01,SYBR,ITS,Unkn-07,7,4,20,,21.8131183838362,22.1314731540998,0.289705464813774,0.235971641675128,0.0503889545079929,None,None,None,None,,3931.30976704629
D02,SYBR,ITS,Unkn-07,7,4,20,,22.3796277078243,22.1314731540998,0.289705464813774,0.138878195418162,0.0503889545079929,None,None,None,None,,3716.60828497158
D03,SYBR,ITS,Unkn-07,7,4,20,,22.2016733706388,22.1314731540998,0.289705464813774,0.164041436562881,0.0503889545079929,None,None,None,None,,4301.88911786091
D05,SYBR,ITS,Unkn-08,8,4,200,,25.7079787451521,25.8725879213733,0.144403434292777,0.00616614294584162,0.000741320462292067,None,None,None,None,,4250.25384473232
D06,SYBR,ITS,Unkn-08,8,4,200,,25.9318660863273,25.8725879213733,0.144403434292777,0.00500065866586156,0.000741320462292067,81,492.824049297694,70.5,84,,4288.5680480565
D07,SYBR,ITS,Unkn-08,8,4,200,,25.9779189326404,25.8725879213733,0.144403434292777,0.00478973659582427,0.000741320462292067,None,None,None,None,,4390.33742919473
D09,SYBR,ITS,Unkn-36,36,30,20,,20.1403144670776,20.2975944338153,0.137340903807428,1.12895486027908,0.129905649123832,84.5,607.340641036578,78,94,,4194.94550669478
D10,SYBR,ITS,Unkn-36,36,30,20,,20.3586337664609,20.2975944338153,0.137340903807428,0.920350000907203,0.129905649123832,85,592.222712755444,78,95,,4168.72084222682
D11,SYBR,ITS,Unkn-36,36,30,20,,20.3938350679074,20.2975944338153,0.137340903807428,0.890527703164963,0.129905649123832,85,545.763681394939,78,95,,3963.75510660335
D13,SYBR,ITS,Unkn-50,50,30,200,,23.5559235602129,23.6739310549041,0.108531671555054,0.0461950017827761,0.0042730676704432,85,544.136648796384,78,95,,3989.54245438715
D14,SYBR,ITS,Unkn-50,50,30,200,,23.6963999267463,23.6739310549041,0.108531671555054,0.0405047816579422,0.0042730676704432,84.5,528.152757433668,78,95,,3963.23038711905
D15,SYBR,ITS,Unkn-50,50,30,200,,23.7694696777533,23.6739310549041,0.108531671555054,0.0378278116641881,0.0042730676704432,84.5,588.14642124074,78,94,,4295.46049700369
D22,SYBR,ITS,Std-04,4,Sr4,,,30.8973691028501,31.2069633677154,0.406093418275585,0.0001,0,None,None,None,None,,3740.60145790584
D23,SYBR,ITS,Std-04,4,Sr4,,,31.6667611685713,31.2069633677154,0.406093418275585,0.0001,0,81,564.527305433945,74.5,86,,3983.32700369426
D24,SYBR,ITS,Std-04,4,Sr4,,,31.0567598317248,31.2069633677154,0.406093418275585,0.0001,0,83.5,611.697468300906,78,95,,3741.53527674931
E01,SYBR,ITS,Unkn-09,9,5,20,,21.4522521125765,21.468221562167,0.021160471902414,0.330760430081619,0.0064215776032546,81.5,515.527563615749,64.5,95,,4229.32942766099
E02,SYBR,ITS,Unkn-09,9,5,20,,21.4922218444288,21.468221562167,0.021160471902414,0.318617852221405,0.0064215776032546,None,None,None,None,,3671.61893483199
E03,SYBR,ITS,Unkn-09,9,5,20,,21.4601907294957,21.468221562167,0.021160471902414,0.328312444744276,0.0064215776032546,81.5,501.715033751657,68.5,95,,4123.9114947682
E05,SYBR,ITS,Unkn-10,10,5,200,,24.9016662293883,24.8292150579712,0.0865503429905606,0.013112750992383,0.00115522736662742,82,516.23355001688,69.5,95,,4404.05113941928
E06,SYBR,ITS,Unkn-10,10,5,200,,24.8526056000471,24.8292150579712,0.0865503429905606,0.013728773458417,0.00115522736662742,82,511.303384637487,57.5,95,,4210.83641665333
E07,SYBR,ITS,Unkn-10,10,5,200,,24.7333733444783,24.8292150579712,0.0865503429905606,0.0153492429867302,0.00115522736662742,81.5,521.483548819625,57.5,95,,4339.85350786637
E09,SYBR,ITS,Unkn-37,37,41,20,,22.036210120054,21.9736796868494,0.0983331501175796,0.191512341338751,0.0191995980647117,83,528.076776458347,78.5,95,,4337.32809609673
E10,SYBR,ITS,Unkn-37,37,41,20,,21.8603360497916,21.9736796868494,0.0983331501175796,0.225772404302537,0.0191995980647117,83.5,513.570401469796,78.5,95,,3878.38063030489
E11,SYBR,ITS,Unkn-37,37,41,20,,22.0244928907027,21.9736796868494,0.0983331501175796,0.193623725683583,0.0191995980647117,83,502.271097938417,78.5,95,,3954.1689499021
E13,SYBR,ITS,Unkn-51,51,41,200,,25.5928966231218,25.5985826855177,0.0276402616936766,0.00686723996573142,0.000176023498662771,None,None,None,None,,3947.56448237749
E14,SYBR,ITS,Unkn-51,51,41,200,,25.5742276361342,25.5985826855177,0.0276402616936766,0.00698826201396066,0.000176023498662771,None,None,None,None,,3807.88547758225
E15,SYBR,ITS,Unkn-51,51,41,200,,25.6286237972972,25.5985826855177,0.0276402616936766,0.00664145033646529,0.000176023498662771,None,None,None,None,,3826.49719483912
E22,SYBR,ITS,Std-05,5,Sr5,,,35.6596292306313,36.6225220046114,1.01519545684043,1E-05,0,None,None,None,None,,85.3283203559367
E23,SYBR,ITS,Std-05,5,Sr5,,,36.5249606671694,36.6225220046114,1.01519545684043,1E-05,0,None,None,None,None,,261.798340039247
E24,SYBR,ITS,Std-05,5,Sr5,,,37.6829761160337,36.6225220046114,1.01519545684043,1E-05,0,None,None,None,None,,730.436719690487
F01,SYBR,ITS,Unkn-11,11,6,20,,23.8463032244573,24.4387878516066,0.520982493019694,0.0352035579078316,0.0115181682522727,82,493.953219175101,68,94,,4090.7693008048
F02,SYBR,ITS,Unkn-11,11,6,20,,24.8252755693679,24.4387878516066,0.520982493019694,0.0140844044406132,0.0115181682522727,None,None,None,None,,3958.10620789272
F03,SYBR,ITS,Unkn-11,11,6,20,,24.6447847609947,24.4387878516066,0.520982493019694,0.0166758811946758,0.0115181682522727,84,495.22906951789,70.5,95,,4103.19175553687
F05,SYBR,ITS,Unkn-12,12,6,200,,28.022753897921,28.2792128336678,0.311277207679612,0.000706811878194629,0.000155100741485681,81.5,539.539595386762,70.5,95,,4360.93133096273
F06,SYBR,ITS,Unkn-12,12,6,200,,28.6255365718179,28.2792128336678,0.311277207679612,0.000402102555954327,0.000155100741485681,84.5,511.847605249441,70.5,95,,4465.34112204433
F07,SYBR,ITS,Unkn-12,12,6,200,,28.1893480312646,28.2792128336678,0.311277207679612,0.000604785059598433,0.000155100741485681,83.5,612.919777439326,71,95,,4688.84289410583
F09,SYBR,ITS,Unkn-38,38,42,20,,23.8063164233546,23.7719181746905,0.0958560728658134,0.0365457549190645,0.00346150978406819,None,None,None,None,,4009.4820826346
F10,SYBR,ITS,Unkn-38,38,42,20,,23.6636094621041,23.7719181746905,0.0958560728658134,0.0417668891411837,0.00346150978406819,None,None,None,None,,3808.37387633039
F11,SYBR,ITS,Unkn-38,38,42,20,,23.8458286386129,23.7719181746905,0.0958560728658134,0.0352191951549064,0.00346150978406819,None,None,None,None,,3858.79906926124
F13,SYBR,ITS,Unkn-52,52,42,200,,27.5602928288968,27.5155156959458,0.0688245128103864,0.00108954468479004,7.45506248617624E-05,85,505.826027483225,78,95,,4012.92070654995
F14,SYBR,ITS,Unkn-52,52,42,200,,27.4362670394501,27.5155156959458,0.0688245128103864,0.00122362496846545,7.45506248617624E-05,None,None,None,None,,4045.03934563957
F15,SYBR,ITS,Unkn-52,52,42,200,,27.5499872194905,27.5155156959458,0.0688245128103864,0.00110010257145872,7.45506248617624E-05,84,538.828999579478,78.5,95,,4204.42031774083
F22,SYBR,ITS,Std-06,6,Sr6,,,38.2691205675305,37.3060408040139,1.36200046321232,1E-06,0,None,None,None,None,,591.554252146173
F23,SYBR,ITS,Std-06,6,Sr6,,,NaN,0,0,1E-06,0,None,None,None,None,,16.9182003524465
F24,SYBR,ITS,Std-06,6,Sr6,,,36.3429610404972,37.3060408040139,1.36200046321232,1E-06,0,None,None,None,None,,322.213302889531
G01,SYBR,ITS,Unkn-13,13,7,20,,24.5068366901245,24.5828612021109,0.0661950941095271,0.0189736114228681,0.00111392527332529,None,None,None,None,,3454.31529809703
G02,SYBR,ITS,Unkn-13,13,7,20,,24.6277287966874,24.5828612021109,0.0661950941095271,0.0169441671383121,0.00111392527332529,81,485.294502269313,68.5,91.5,,4219.32139687779
G03,SYBR,ITS,Unkn-13,13,7,20,,24.6140181195207,24.5828612021109,0.0661950941095271,0.0171629587147928,0.00111392527332529,None,None,None,None,,4080.29196277614
G05,SYBR,ITS,Unkn-14,14,7,200,,25.7485091653569,27.4236145088671,1.47938838036751,0.00593666149115333,0.00309286328260822,82.5,492.932985693956,57.5,95,,4111.98301203767
G06,SYBR,ITS,Unkn-14,14,7,200,,28.5511784667373,27.4236145088671,1.47938838036751,0.000431077633299869,0.00309286328260822,81.5,529.101850351062,70.5,93.5,,4404.85662011175
G07,SYBR,ITS,Unkn-14,14,7,200,,27.971155894507,27.4236145088671,1.47938838036751,0.000741776271046689,0.00309286328260822,81,505.806592704343,74,95,,4201.69162497998
G09,SYBR,ITS,Unkn-39,39,43,20,,22.8004153207924,22.9279013431489,0.120671850658138,0.0936760743014522,0.00951043141869547,84,539.493966976008,78,95,,4331.88037221982
G10,SYBR,ITS,Unkn-39,39,43,20,,23.0403493963562,22.9279013431489,0.120671850658138,0.0748378006232629,0.00951043141869547,84,503.051112894317,78,95,,4166.91193818209
G11,SYBR,ITS,Unkn-39,39,43,20,,22.9429393122979,22.9279013431489,0.120671850658138,0.0819799875445158,0.00951043141869547,84,518.902550813615,78,95,,4208.34814102417
G13,SYBR,ITS,Unkn-53,53,43,200,,26.4359832721062,26.3424603030201,0.147587242478546,0.00312001891071027,0.000490330411683972,84.5,536.929384977793,78,95,,4195.50429353574
G14,SYBR,ITS,Unkn-53,53,43,200,,26.1723210051052,26.3424603030201,0.147587242478546,0.00399307877088919,0.000490330411683972,84,542.172442071847,78,95,,4471.65682924008
G15,SYBR,ITS,Unkn-53,53,43,200,,26.4190766318489,26.3424603030201,0.147587242478546,0.00316977164618403,0.000490330411683972,None,None,None,None,,4047.68622137747
G22,SYBR,ITS,Std-07,7,Sr7,,,39,37.7911652045035,1.29455006038486,1E-07,0,None,None,None,None,,72.2000131387983
G23,SYBR,ITS,Std-07,7,Sr7,,,37.948258599023,37.7911652045035,1.29455006038486,1E-07,0,None,None,None,None,,625.137250802919
G24,SYBR,ITS,Std-07,7,Sr7,,,36.4252370144876,37.7911652045035,1.29455006038486,1E-07,0,None,None,None,None,,294.803679657895
H01,SYBR,ITS,Unkn-15,15,8,20,,22.7555453258386,22.7999512832242,0.0568199562826207,0.0976930255830839,0.00492498718509084,None,None,None,None,,3826.12247903915
H02,SYBR,ITS,Unkn-15,15,8,20,,22.7803261536229,22.7999512832242,0.0568199562826207,0.0954537051804007,0.00492498718509084,None,None,None,None,,3784.20165671114
H03,SYBR,ITS,Unkn-15,15,8,20,,22.863982370211,22.7999512832242,0.0568199562826207,0.0882664056839634,0.00492498718509084,None,None,None,None,,3820.63619199399
H05,SYBR,ITS,Unkn-16,16,8,200,,26.531094353399,26.487218216819,0.0382162705275162,0.00285433336418517,0.000105333394773297,81,492.148896590155,69.5,94,,4246.75420089461
H06,SYBR,ITS,Unkn-16,16,8,200,,26.4693601990364,26.487218216819,0.0382162705275162,0.00302407848010236,0.000105333394773297,80.5,502.585383740225,69.5,95,,4298.20301609442
H07,SYBR,ITS,Unkn-16,16,8,200,,26.4612000980217,26.487218216819,0.0382162705275162,0.00304725831165966,0.000105333394773297,None,None,None,None,,4076.55625707389
H09,SYBR,ITS,Unkn-40,40,44,20,,22.7225926526645,22.6663760288547,0.0632445924136096,0.100752380171379,0.0063411762446155,84,547.776070955167,78.5,95,,4213.83775554346
H10,SYBR,ITS,Unkn-40,40,44,20,,22.5978988319623,22.6663760288547,0.0632445924136096,0.113221807097892,0.0063411762446155,84,544.823764403455,78.5,95,,4169.4958489837
H11,SYBR,ITS,Unkn-40,40,44,20,,22.6786366019371,22.6663760288547,0.0632445924136096,0.104982949780246,0.0063411762446155,84,513.307962708165,78.5,95,,3939.71773877916
H13,SYBR,ITS,Unkn-54,54,44,200,,26.223845200688,26.2503790902983,0.156684993472034,0.00380512366307201,0.000536705677409578,83.5,509.665628268045,78,95,,4015.66733302934
H14,SYBR,ITS,Unkn-54,54,44,200,,26.1086552234211,26.2503790902983,0.156684993472034,0.00423819799949585,0.000536705677409578,None,None,None,None,,3762.18597153746
H15,SYBR,ITS,Unkn-54,54,44,200,,26.4186368467857,26.2503790902983,0.156684993472034,0.00317107637525425,0.000536705677409578,83.5,487.808672798,78,95,,4113.47981329505
H22,SYBR,ITS,Std-08,8,Sr8,,,35.8495186211345,35.8883873983546,0.604380375174895,1E-08,2.02617042587775E-24,None,None,None,None,,94.6540215144038
H23,SYBR,ITS,Std-08,8,Sr8,,,36.5112640389777,35.8883873983546,0.604380375174895,1E-08,2.02617042587775E-24,None,None,None,None,,321.927677285727
H24,SYBR,ITS,Std-08,8,Sr8,,,35.3043795349516,35.8883873983546,0.604380375174895,1E-08,2.02617042587775E-24,None,None,None,None,,1788.70508015574
I01,SYBR,ITS,Unkn-17,17,9,20,,25.22474047946,25.3066361666238,0.162296628233217,0.00969166769468992,0.00131000896980946,80,507.029098242683,70,83,,4504.96397268026
I02,SYBR,ITS,Unkn-17,17,9,20,,25.2016044984452,25.3066361666238,0.162296628233217,0.00990377644937246,0.00131000896980946,80.5,531.04490110809,70,95,,4321.23966855087
I03,SYBR,ITS,Unkn-17,17,9,20,,25.4935635219663,25.3066361666238,0.162296628233217,0.00753616775915608,0.00131000896980946,80,489.750330529065,69.5,95,,4154.44347616305
I05,SYBR,ITS,Unkn-18,18,9,200,,29.2740394678922,28.8705564243211,0.361512438616325,0.00021917419670916,0.000102859547434654,80.5,492.199815114116,70,82.5,,4664.63568607123
I06,SYBR,ITS,Unkn-18,18,9,200,,28.7615096620278,28.8705564243211,0.361512438616325,0.000354061123801416,0.000102859547434654,81,548.516216048525,70,95,,4724.402481141
I07,SYBR,ITS,Unkn-18,18,9,200,,28.5761201430434,28.8705564243211,0.361512438616325,0.000421133076360996,0.000102859547434654,80,527.202908516908,74,95,,4007.59127189547
I09,SYBR,ITS,Unkn-41,41,45,20,,22.7661142549787,22.7835129516638,0.0392498947008847,0.0967316097602847,0.00346192809401092,82.5,547.267203242379,78,95,,4102.82269744194
I10,SYBR,ITS,Unkn-41,41,45,20,,22.7559698076903,22.7835129516638,0.0392498947008847,0.0976542285104089,0.00346192809401092,82,537.285600344546,78,95,,4188.57235190753
I11,SYBR,ITS,Unkn-41,41,45,20,,22.8284547923223,22.7835129516638,0.0392498947008847,0.0912501572045821,0.00346192809401092,82,523.434791304588,78,95,,4057.53632295973
I13,SYBR,ITS,Unkn-55,55,45,200,,26.6207497512175,26.3948365391132,0.201093051040288,0.00262463742009543,0.000588671262553862,83,575.291817290717,78.5,95,,4451.17745597259
I14,SYBR,ITS,Unkn-55,55,45,200,,26.3283646684504,26.3948365391132,0.201093051040288,0.00345058504216474,0.000588671262553862,82,493.758064641677,78,95,,4131.55837830958
I15,SYBR,ITS,Unkn-55,55,45,200,,26.2353951976716,26.3948365391132,0.201093051040288,0.00376421942009358,0.000588671262553862,82.5,509.139746887691,78,95,,4223.06512776908
J01,SYBR,ITS,Unkn-19,19,10,20,,21.8453806021519,21.9487518901349,0.0908810465393952,0.228954221605198,0.018075309505717,None,None,None,None,,4316.71408467337
J02,SYBR,ITS,Unkn-19,19,10,20,,21.9847803557201,21.9487518901349,0.0908810465393952,0.200954386965254,0.018075309505717,None,None,None,None,,4461.4425238262
J03,SYBR,ITS,Unkn-19,19,10,20,,22.0160947125327,21.9487518901349,0.0908810465393952,0.195151340206982,0.018075309505717,None,None,None,None,,4389.73599047652
J05,SYBR,ITS,Unkn-20,20,10,200,,25.8447991182874,25.6895720235787,0.144945708163555,0.00542513647691281,0.000840379221921261,None,None,None,None,,4556.0472523359
J06,SYBR,ITS,Unkn-20,20,10,200,,25.5577581983998,25.6895720235787,0.144945708163555,0.00709679488930266,0.000840379221921261,None,None,None,None,,4648.77248726485
J07,SYBR,ITS,Unkn-20,20,10,200,,25.6661587540488,25.6895720235787,0.144945708163555,0.00641222811772269,0.000840379221921261,None,None,None,None,,4601.78138423416
J09,SYBR,ITS,Unkn-42,42,46,20,,21.7666970456043,21.7924459570771,0.0391095260320184,0.246447914588127,0.00871636621833814,83.5,508.032398061494,78,95,,4094.56028747078
J10,SYBR,ITS,Unkn-42,42,46,20,,21.8374498416121,21.7924459570771,0.0391095260320184,0.230659669738994,0.00871636621833814,None,None,None,None,,3774.08426739521
J11,SYBR,ITS,Unkn-42,42,46,20,,21.7731909840149,21.7924459570771,0.0391095260320184,0.244954855637268,0.00871636621833814,None,None,None,None,,3725.38265015635
J13,SYBR,ITS,Unkn-56,56,46,200,,25.438684330283,25.441462485955,0.00997338843502205,0.00793328594977002,7.37148107586696E-05,None,None,None,None,,3659.83315816608
J14,SYBR,ITS,Unkn-56,56,46,200,,25.43317272785,25.441462485955,0.00997338843502205,0.00797430767624628,7.37148107586696E-05,None,None,None,None,,3807.78336440291
J15,SYBR,ITS,Unkn-56,56,46,200,,25.452530399732,25.441462485955,0.00997338843502205,0.00783116103746431,7.37148107586696E-05,None,None,None,None,,3967.99541552571
K01,SYBR,ITS,Unkn-21,21,21,20,,NaN,0,0,NaN,0,None,None,None,None,,-5.53088091680611
K02,SYBR,ITS,Unkn-21,21,21,20,,20.4756398380906,20.4732074728451,0.00343988391888421,0.824902275025144,0.00266132358590798,84.5,628.291700906729,78.5,92.5,,4342.69355569677
K03,SYBR,ITS,Unkn-21,21,21,20,,20.4707751075996,20.4732074728451,0.00343988391888421,0.828665954934198,0.00266132358590798,84.5,583.871065600903,78.5,93,,4002.99733490549
K05,SYBR,ITS,Unkn-22,22,21,200,,23.9967692066651,23.8922586334811,0.112944474025716,0.0305800471024008,0.003609728310066,84.5,559.558329728695,78.5,95,,3862.6283548253
K06,SYBR,ITS,Unkn-22,22,21,200,,23.7724414546531,23.8922586334811,0.112944474025716,0.0377227640419035,0.003609728310066,84.5,606.937795572943,78.5,95,,4083.99377220147
K07,SYBR,ITS,Unkn-22,22,21,200,,23.9075652391251,23.8922586334811,0.112944474025716,0.0332422238196509,0.003609728310066,84.5,589.689483275521,78.5,95,,3994.21542109461
K09,SYBR,ITS,Unkn-43,43,47,20,,21.8349305914494,21.8757211214071,0.035427565749295,0.231204068949779,0.00744788495667622,None,None,None,None,,4056.5482833624
K10,SYBR,ITS,Unkn-43,43,47,20,,21.8988018871302,21.8757211214071,0.035427565749295,0.217790327899964,0.00744788495667622,None,None,None,None,,4071.38117990675
K11,SYBR,ITS,Unkn-43,43,47,20,,21.8934308856417,21.8757211214071,0.035427565749295,0.218887685587732,0.00744788495667622,None,None,None,None,,3968.45270232539
K13,SYBR,ITS,Unkn-57,57,47,200,,25.4585675823942,25.5221163667219,0.0616564239250453,0.00778704496575496,0.000424807581422354,None,None,None,None,,3983.47338858213
K14,SYBR,ITS,Unkn-57,57,47,200,,25.5816878561996,25.5221163667219,0.0616564239250453,0.00693964723344996,0.000424807581422354,None,None,None,None,,4165.46622403718
K15,SYBR,ITS,Unkn-57,57,47,200,,25.5260936615719,25.5221163667219,0.0616564239250453,0.00731022118863795,0.000424807581422354,None,None,None,None,,4079.0788216974
L01,SYBR,ITS,Unkn-23,23,22,20,,19.3790495031558,19.2299342757337,0.12916381526504,2.30170556445638,0.309472568642058,83,527.405971562981,78,94,,3591.29445309557
L02,SYBR,ITS,Unkn-23,23,22,20,,19.1579800995498,19.2299342757337,0.12916381526504,2.83068114981895,0.309472568642058,83,549.020785369931,78,95,,3763.86558884356
L03,SYBR,ITS,Unkn-23,23,22,20,,19.1527732244954,19.2299342757337,0.12916381526504,2.84450691195217,0.309472568642058,83,542.590467091538,77.5,93,,3716.87278731693
L05,SYBR,ITS,Unkn-24,24,22,200,,22.6157063028193,22.5163499078436,0.0963555103310821,0.111350774086832,0.0109881067069899,83,529.319555591795,78,95,,3764.70426401775
L06,SYBR,ITS,Unkn-24,24,22,200,,22.5100377622193,22.5163499078436,0.0963555103310821,0.122923879003371,0.0109881067069899,83,580.138554384181,77.5,95,,4178.31974383718
L07,SYBR,ITS,Unkn-24,24,22,200,,22.4233056584921,22.5163499078436,0.0963555103310821,0.133316414867862,0.0109881067069899,83,594.047439542378,78,95,,4264.13407302723
L09,SYBR,ITS,Unkn-44,44,48,20,,21.9017434353444,22.068652235453,0.145163626352608,0.217191668914153,0.0262702517795475,None,None,None,None,,3828.94830945257
L10,SYBR,ITS,Unkn-44,44,48,20,,22.13874371103,22.068652235453,0.145163626352608,0.173991396230814,0.0262702517795475,None,None,None,None,,3848.07762894293
L11,SYBR,ITS,Unkn-44,44,48,20,,22.1654695599845,22.068652235453,0.145163626352608,0.169694028527762,0.0262702517795475,None,None,None,None,,3579.07292462663
L13,SYBR,ITS,Unkn-58,58,48,200,,25.9701887334968,25.8879537047249,0.0752838942185003,0.00482450914525235,0.000363322307259424,None,None,None,None,,3878.42938973566
L14,SYBR,ITS,Unkn-58,58,48,200,,25.8712434589461,25.8879537047249,0.0752838942185003,0.00529253645120635,0.000363322307259424,None,None,None,None,,3991.608121817
L15,SYBR,ITS,Unkn-58,58,48,200,,25.8224289217317,25.8879537047249,0.0752838942185003,0.00553989804428799,0.000363322307259424,None,None,None,None,,4000.93807122974
M01,SYBR,ITS,Unkn-25,25,23,20,,20.4929911186586,20.4830348561126,0.0241538200452006,0.811616845456777,0.0186249942522062,85.5,508.663136623017,83,95,,4035.87812135728
M02,SYBR,ITS,Unkn-25,25,23,20,,20.4554943302446,20.4830348561126,0.0241538200452006,0.840600233505888,0.0186249942522062,85.5,538.605915214864,83,95,,4251.92680644059
M03,SYBR,ITS,Unkn-25,25,23,20,,20.5006191194347,20.4830348561126,0.0241538200452006,0.805844195288141,0.0186249942522062,85.5,534.70842602687,83,95,,4220.1665144711
M05,SYBR,ITS,Unkn-26,26,23,200,,23.7634352945077,23.8915340835921,0.145645887714957,0.0380420185231585,0.00452207022104299,85.5,556.934530108278,83,95,,4713.25342054521
M06,SYBR,ITS,Unkn-26,26,23,200,,23.8612131979363,23.8915340835921,0.145645887714957,0.0347158050588093,0.00452207022104299,85.5,536.293049091288,71,95,,4386.84972924053
M07,SYBR,ITS,Unkn-26,26,23,200,,24.0499537583321,23.8915340835921,0.145645887714957,0.0290953971692976,0.00452207022104299,85.5,552.880275461052,83,95,,4623.02258276018
M09,SYBR,ITS,Unkn-45,45,49,20,,18.4796104956396,18.4786230407406,0.00807472643057301,5.3404272245668,0.0404174647075967,83,566.271709001311,76.5,95,,3544.18834919798
M10,SYBR,ITS,Unkn-45,45,49,20,,18.4861586287379,18.4786230407406,0.00807472643057301,5.30780405593372,0.0404174647075967,83,566.154249610145,76.5,95,,4335.03151623218
M11,SYBR,ITS,Unkn-45,45,49,20,,18.4700999978442,18.4786230407406,0.00807472643057301,5.38816648732837,0.0404174647075967,83,544.724114110976,76.5,95,,4118.93473023947
M13,SYBR,ITS,Unkn-59,59,49,200,,21.7694470885508,21.7911770034958,0.0188429512705918,0.24581452858004,0.00426864659623629,83,567.908136200044,76.5,95,,4290.11704267639
M14,SYBR,ITS,Unkn-59,59,49,200,,21.8029984702195,21.7911770034958,0.0188429512705918,0.238216852346497,0.00426864659623629,83,561.284286179395,76.5,95,,4400.39445526955
M15,SYBR,ITS,Unkn-59,59,49,200,,21.8010854517172,21.7911770034958,0.0188429512705918,0.238643670567364,0.00426864659623629,83,559.957477565158,76.5,95,,4245.03537819835
N01,SYBR,ITS,Unkn-27,27,24,20,,19.986864553404,20.0671760846948,0.0698023590074511,1.30327971759828,0.0804635040940379,None,None,None,None,,3493.31842316702
N02,SYBR,ITS,Unkn-27,27,24,20,,20.1132405540305,20.0671760846948,0.0698023590074511,1.15792183068406,0.0804635040940379,None,None,None,None,,3832.99703049137
N03,SYBR,ITS,Unkn-27,27,24,20,,20.1014231466499,20.0671760846948,0.0698023590074511,1.1707974296933,0.0804635040940379,None,None,None,None,,3536.6210210266
N05,SYBR,ITS,Unkn-28,28,24,200,,23.4227006395032,23.4806925406378,0.0772655820526795,0.052328215806005,0.00352318584493317,83.5,514.312733200389,78,95,,4396.86008391195
N06,SYBR,ITS,Unkn-28,28,24,200,,23.4509715879997,23.4806925406378,0.0772655820526795,0.0509620389414258,0.00352318584493317,83.5,498.879716412605,69,95,,4259.51790658375
N07,SYBR,ITS,Unkn-28,28,24,200,,23.5684053944105,23.4806925406378,0.0772655820526795,0.0456585852937807,0.00352318584493317,None,None,None,None,,4088.49413930009
N09,SYBR,ITS,Unkn-46,46,50,20,,22.2568723976167,22.0031303085323,0.231958805224752,0.155783348285162,0.0417621258124236,84,488.452732885457,78,95,,3436.4503753772
N10,SYBR,ITS,Unkn-46,46,50,20,,21.8019888022197,22.0031303085323,0.231958805224752,0.238442026621443,0.0417621258124236,84,555.205827343097,78,95,,4006.65482631296
N11,SYBR,ITS,Unkn-46,46,50,20,,21.9505297257604,22.0031303085323,0.231958805224752,0.207499343743591,0.0417621258124236,84,595.195048342531,78,95,,4383.97368634229
N13,SYBR,ITS,Unkn-60,60,50,200,,24.7303903160918,24.8354259678718,0.0978410605667074,0.0153921485049538,0.0012938323110167,83.5,533.338625171001,78,95,,3970.59229013958
N14,SYBR,ITS,Unkn-60,60,50,200,,24.8519089908046,24.8354259678718,0.0978410605667074,0.0137377255609792,0.0012938323110167,83.5,590.77112486936,78,95,,4437.16487790154
N15,SYBR,ITS,Unkn-60,60,50,200,,24.9239785967192,24.8354259678718,0.0978410605667074,0.0128418091535187,0.0012938323110167,83.5,544.577945234606,78.5,95,,4126.19703582377
O01,SYBR,ITS,Unkn-29,29,25,20,,21.5946360910643,21.6668655764226,0.0648059145162207,0.289500697190234,0.0166215644846534,None,None,None,None,,3415.45499193634
O02,SYBR,ITS,Unkn-29,29,25,20,,21.719920881074,21.6668655764226,0.0648059145162207,0.257474770836863,0.0166215644846534,84,589.481856665478,78,95,,4407.3710623463
O03,SYBR,ITS,Unkn-29,29,25,20,,21.6860397571296,21.6668655764226,0.0648059145162207,0.265768650605601,0.0166215644846534,84,572.392093400152,69.5,94,,4284.53240836167
O05,SYBR,ITS,Unkn-30,30,25,200,,25.0916928173132,25.1160080495237,0.0531121192118192,0.0109766098945283,0.000526295455620436,83.5,549.203053924842,72,95,,4237.96243589718
O06,SYBR,ITS,Unkn-30,30,25,200,,25.1769250167227,25.1160080495237,0.0531121192118192,0.0101351553897746,0.000526295455620436,84,581.652703434175,65,95,,4350.44977159027
O07,SYBR,ITS,Unkn-30,30,25,200,,25.0794063145352,25.1160080495237,0.0531121192118192,0.0111035380604049,0.000526295455620436,82.5,621.836758059653,71,95,,4726.91370032035
P01,SYBR,ITS,Unkn-31,31,26,20,,20.1018729303647,20.1500753450206,0.0733445560899096,1.17030475912623,0.0753633290993345,83.5,549.30214340265,78,92,,4030.70476653032
P02,SYBR,ITS,Unkn-31,31,26,20,,20.1138705051888,20.1500753450206,0.0733445560899096,1.15723945955353,0.0753633290993345,83.5,530.680153670845,78,94,,3837.25121707164
P03,SYBR,ITS,Unkn-31,31,26,20,,20.2344825995083,20.1500753450206,0.0733445560899096,1.03373031767616,0.0753633290993345,None,None,None,None,,3428.72222961582
P05,SYBR,ITS,Unkn-32,32,26,200,,23.7728937132977,23.7466079833456,0.0236466404141944,0.0377068030083237,0.000851494950105731,83,530.911977604246,78,95,,4142.27667620975
P06,SYBR,ITS,Unkn-32,32,26,200,,23.7398650327083,23.7466079833456,0.0236466404141944,0.0388903951306328,0.000851494950105731,83,596.991168991132,77.5,94,,4853.2466235698
P07,SYBR,ITS,Unkn-32,32,26,200,,23.7270652040308,23.7466079833456,0.0236466404141944,0.0393590061687438,0.000851494950105731,83,565.923436834948,77.5,93.5,,4380.78260866125
P22,SYBR,ITS,NTC,,NTC,,,36.155626659928,36.155626659928,0,NaN,0,79.5,692.140128328386,75.5,83,,1220.55992853951
P23,SYBR,ITS,NTC,,NTC,,,34.8774632709269,34.8774632709269,0,NaN,0,81.5,640.928790847263,75.5,85,,1903.91644830311
P24,SYBR,ITS,NTC,,NTC,,,34.8851705547013,34.8851705547013,0,NaN,0,82.5,497.651049276029,76.5,89,,1970.82309160788
