File Name,2025-03-10 plate 3 soil ITS.pcrd,,,,,,,,,,,,,,,,,
Created By User,admin,,,,,,,,,,,,,,,,,
Notes,,,,,,,,,,,,,,,,,,
ID,,,,,,,,,,,,,,,,,,
Run Started,03/10/2025 12:57:23 UTC,,,,,,,,,,,,,,,,,
Run Ended,03/10/2025 15:31:35 UTC,,,,,,,,,,,,,,,,,
Sample Vol,10,,,,,,,,,,,,,,,,,
Lid Temp,95,,,,,,,,,,,,,,,,,
Protocol File Name,HM_ITS_16S.prcl,,,,,,,,,,,,,,,,,
Plate Setup File Name,HM_2025-03-10_plate3_soil_ITS.pltd,,,,,,,,,,,,,,,,,
Base Serial Number,CT037939,,,,,,,,,,,,,,,,,
Optical Head Serial Number,786BR05257,,,,,,,,,,,,,,,,,
CFX Maestro Version,4.1.2433.1219. ,,,,,,,,,,,,,,,,,
,,,,,,,,,,,,,,,,,,
Well group,All Wells,,,,,,,,,,,,,,,,,
Amplification step,4,,,,,,,,,,,,,,,,,
Melt step,7,,,,,,,,,,,,,,,,,
,,,,,,,,,,,,,,,,,,
,,,,,,,,,,,,,,,,,,
Well,Fluor,Target,Content,Replicate,Sample,Dilution,Well Note,Cq,Cq Mean,Cq Std. Dev,Starting Quantity (SQ),SQ Std. Dev,Melt Temperature,Peak Height,Begin Temperature,End Temperature,Call,End RFU
A01,SYBR,ITS,Unkn-01,1,11,20,,24.4246979798056,25.1223027329906,0.699147434809114,0.0288598233794475,0.00952886063480362,84,573.010153584917,79,94,,4410.34336580651
A02,SYBR,ITS,Unkn-01,1,11,20,,25.119227514601,25.1223027329906,0.699147434809114,0.0170490148847577,0.00952886063480362,None,None,None,None,,3858.63624830153
A03,SYBR,ITS,Unkn-01,1,11,20,,25.8229827045653,25.1223027329906,0.699147434809114,0.0100015755439613,0.00952886063480362,None,None,None,None,,4116.26580508971
A05,SYBR,ITS,Unkn-02,2,11,200,,28.0299884854045,28.9877273696071,0.849118280353339,0.00187786470413397,0.000721053172013892,84,555.830920144563,74.5,95,,4442.97520227088
A06,SYBR,ITS,Unkn-02,2,11,200,,29.2847891487922,28.9877273696071,0.849118280353339,0.000725545677537186,0.000721053172013892,None,None,None,None,,3995.76113444024
A07,SYBR,ITS,Unkn-02,2,11,200,,29.6484044746245,28.9877273696071,0.849118280353339,0.000550789965046965,0.000721053172013892,84,528.874405751953,74,95,,4494.7644810443
A09,SYBR,ITS,Unkn-33,33,37,20,,19.7731293472712,22.1646475708467,2.1459721238682,0.980145145787169,0.525889907432649,None,None,None,None,,3186.69600665093
A10,SYBR,ITS,Unkn-33,33,37,20,,22.7985554602014,22.1646475708467,2.1459721238682,0.0989726103981245,0.525889907432649,None,None,None,None,,3567.95983390675
A11,SYBR,ITS,Unkn-33,33,37,20,,23.9222579050673,22.1646475708467,2.1459721238682,0.0422342292207122,0.525889907432649,None,None,None,None,,4119.11476664765
A13,SYBR,ITS,Unkn-47,47,37,200,,24.2144039118413,27.2336136181256,2.61477513792413,0.0338461229896044,0.0189095422947158,None,None,None,None,,3864.26832631967
A14,SYBR,ITS,Unkn-47,47,37,200,,28.7250915847443,27.2336136181256,2.61477513792413,0.00110887129111667,0.0189095422947158,84,581.40317357367,70,95,,4831.15143898338
A15,SYBR,ITS,Unkn-47,47,37,200,,28.7613453577913,27.2336136181256,2.61477513792413,0.00107881936410873,0.0189095422947158,83,556.573163060247,70.5,95,,4503.54727313217
A22,SYBR,ITS,Std-01,1,Sr1,roots,,21.0148846793956,20.7684195108695,0.228985681342276,0.1,1.69967494438815E-17,None,None,None,None,,3761.64893752311
A23,SYBR,ITS,Std-01,1,Sr1,roots,,20.7281063621288,20.7684195108695,0.228985681342276,0.1,1.69967494438815E-17,None,None,None,None,,3946.44742641994
A24,SYBR,ITS,Std-01,1,Sr1,roots,,20.5622674910842,20.7684195108695,0.228985681342276,0.1,1.69967494438815E-17,None,None,None,None,,3684.83993199154
B01,SYBR,ITS,Unkn-03,3,12,20,,22.6459970159505,24.5068810820599,1.6334146580217,0.111103422248216,0.0563187357874334,84,572.607665039474,68.5,94,,4183.76395494726
B02,SYBR,ITS,Unkn-03,3,12,20,,25.1710970562562,24.5068810820599,1.6334146580217,0.0163918200765416,0.0563187357874334,None,None,None,None,,3726.05251966007
B03,SYBR,ITS,Unkn-03,3,12,20,,25.703549173973,24.5068810820599,1.6334146580217,0.0109490954950833,0.0563187357874334,84,530.77253463186,68,95,,4106.37805970781
B05,SYBR,ITS,Unkn-04,4,12,200,,26.6064655056686,28.2800086204016,1.53045560999874,0.00552327104538708,0.00269803337467004,83.5,548.342035085185,69,94,,4164.44623172871
B06,SYBR,ITS,Unkn-04,4,12,200,,28.6251151937354,28.2800086204016,1.53045560999874,0.00119615353137539,0.00269803337467004,84,587.883187685333,74,94,,4640.17846505851
B07,SYBR,ITS,Unkn-04,4,12,200,,29.6084451618009,28.2800086204016,1.53045560999874,0.000567725041374144,0.00269803337467004,82,601.820798474174,71,93.5,,4627.11864461712
B09,SYBR,ITS,Unkn-34,34,38,20,,22.7993991562658,22.9954984344205,0.19253037198438,0.0989093469691863,0.0125460467583932,None,None,None,None,,3781.7885848195
B10,SYBR,ITS,Unkn-34,34,38,20,,23.1842495010878,22.9954984344205,0.19253037198438,0.0738872315274968,0.0125460467583932,None,None,None,None,,3933.92693473855
B11,SYBR,ITS,Unkn-34,34,38,20,,23.002846645908,22.9954984344205,0.19253037198438,0.0847765087735421,0.0125460467583932,None,None,None,None,,3853.77968210449
B13,SYBR,ITS,Unkn-48,48,38,200,,26.5792612825899,26.9234388360725,0.298093572344223,0.0056383266638088,0.0010541001136519,None,None,None,None,,4250.60676666111
B14,SYBR,ITS,Unkn-48,48,38,200,,27.0995446555091,26.9234388360725,0.298093572344223,0.00380107523471061,0.0010541001136519,None,None,None,None,,4223.19187472797
B15,SYBR,ITS,Unkn-48,48,38,200,,27.0915105701184,26.9234388360725,0.298093572344223,0.00382428956977522,0.0010541001136519,83.5,530.319960873494,78,95,,4347.59788151883
B22,SYBR,ITS,Std-02,2,Sr2,roots,,24.5894089778898,24.479943071773,0.0981187230357403,0.01,0,None,None,None,None,,3638.33908073319
B23,SYBR,ITS,Std-02,2,Sr2,roots,,24.4505122008163,24.479943071773,0.0981187230357403,0.01,0,None,None,None,None,,4327.91643157137
B24,SYBR,ITS,Std-02,2,Sr2,roots,,24.3999080366129,24.479943071773,0.0981187230357403,0.01,0,None,None,None,None,,3648.02020843202
C01,SYBR,ITS,Unkn-05,5,13,20,,23.5051822797752,24.665075837942,1.04941082631062,0.0579347315768403,0.0245278396800829,84,534.041581095871,68,95,,4212.36915840333
C02,SYBR,ITS,Unkn-05,5,13,20,,24.9412985931645,24.665075837942,1.04941082631062,0.0195102137785278,0.0245278396800829,None,None,None,None,,3790.73198437469
C03,SYBR,ITS,Unkn-05,5,13,20,,25.5487466408864,24.665075837942,1.04941082631062,0.012312018647302,0.0245278396800829,84,542.045991811954,69,95,,4247.14543171127
C05,SYBR,ITS,Unkn-06,6,13,200,,27.1190368576311,28.3248650312803,1.0973506304115,0.00374533689231266,0.00161410512218051,None,None,None,None,,4294.52730804264
C06,SYBR,ITS,Unkn-06,6,13,200,,28.5906408411472,28.3248650312803,1.0973506304115,0.0012278170579183,0.00161410512218051,None,None,None,None,,4218.14179999354
C07,SYBR,ITS,Unkn-06,6,13,200,,29.2649173950625,28.3248650312803,1.0973506304115,0.00073655513270284,0.00161410512218051,84.5,631.894906363586,74,91,,4785.69245442697
C09,SYBR,ITS,Unkn-35,35,39,20,,23.1981932476067,23.3824781916046,0.182271663650824,0.0731105433048192,0.00883822843240008,None,None,None,None,,4010.42454146686
C10,SYBR,ITS,Unkn-35,35,39,20,,23.3865737787535,23.3824781916046,0.182271663650824,0.0633836546319455,0.00883822843240008,None,None,None,None,,4058.13306144719
C11,SYBR,ITS,Unkn-35,35,39,20,,23.5626675484537,23.3824781916046,0.182271663650824,0.0554649405814355,0.00883822843240008,None,None,None,None,,4044.85467192946
C13,SYBR,ITS,Unkn-49,49,39,200,,26.953151995978,27.279012780842,0.28221923637954,0.0042470707728852,0.000759097625247043,None,None,None,None,,2913.9392101013
C14,SYBR,ITS,Unkn-49,49,39,200,,27.4389836042989,27.279012780842,0.28221923637954,0.00293890150661779,0.000759097625247043,None,None,None,None,,4348.75041952636
C15,SYBR,ITS,Unkn-49,49,39,200,,27.4449027422491,27.279012780842,0.28221923637954,0.00292574743279413,0.000759097625247043,84,530.782792262905,70,95,,4443.47278607143
C22,SYBR,ITS,Std-03,3,Sr3,roots,,28.4938603982777,28.575988479433,0.139172902010303,0.001,0,83,534.649773274743,78,94,,4706.62203034204
C23,SYBR,ITS,Std-03,3,Sr3,roots,,28.7366783130834,28.575988479433,0.139172902010303,0.001,0,83,527.394581287243,78,95,,4647.02940153826
C24,SYBR,ITS,Std-03,3,Sr3,roots,,28.4974267269379,28.575988479433,0.139172902010303,0.001,0,83.5,544.019492403312,78.5,95,,4375.33296844294
D01,SYBR,ITS,Unkn-07,7,14,20,,23.0634057504832,24.6182188246204,1.36665170336207,0.0809735858119335,0.0387198857477851,84,564.816684886072,78.5,95,,4181.38110234811
D02,SYBR,ITS,Unkn-07,7,14,20,,25.1618431838576,24.6182188246204,1.36665170336207,0.016507182662209,0.0387198857477851,84,533.482342114844,68.5,95,,4082.1023339364
D03,SYBR,ITS,Unkn-07,7,14,20,,25.6294075395203,24.6182188246204,1.36665170336207,0.0115819288646061,0.0387198857477851,84,581.714770278928,70,95,,4250.41230438339
D05,SYBR,ITS,Unkn-08,8,14,200,,25.1395093344747,28.0169697385532,2.50727360590275,0.0167889610457556,0.00931795777568639,84,566.493945972953,69.5,95,,4124.77008439902
D06,SYBR,ITS,Unkn-08,8,14,200,,29.1789561022205,28.0169697385532,2.50727360590275,0.000786136896576547,0.00931795777568639,83.5,566.947539796284,70,95,,4616.90871775319
D07,SYBR,ITS,Unkn-08,8,14,200,,29.7324437789644,28.0169697385532,2.50727360590275,0.000516803795169924,0.00931795777568639,84.5,620.800930892306,74,95,,4575.204108102
D09,SYBR,ITS,Unkn-36,36,40,20,,23.0985461571096,23.1789678285711,0.154059154563578,0.0788455911872393,0.00839260548872612,None,None,None,None,,3998.79534059297
D10,SYBR,ITS,Unkn-36,36,40,20,,23.3565958727379,23.1789678285711,0.154059154563578,0.0648401591129647,0.00839260548872612,None,None,None,None,,4059.0728810703
D11,SYBR,ITS,Unkn-36,36,40,20,,23.0817614558658,23.1789678285711,0.154059154563578,0.0798549525946758,0.00839260548872612,None,None,None,None,,3715.54828383333
D13,SYBR,ITS,Unkn-50,50,40,200,,27.4952555655223,27.3640223764925,0.251488824150036,0.00281620280748443,0.000628844622421334,None,None,None,None,,4349.15318157723
D14,SYBR,ITS,Unkn-50,50,40,200,,27.5227493048285,27.3640223764925,0.251488824150036,0.00275813017318851,0.000628844622421334,None,None,None,None,,4345.68782963819
D15,SYBR,ITS,Unkn-50,50,40,200,,27.0740622591266,27.3640223764925,0.251488824150036,0.0038751956049764,0.000628844622421334,None,None,None,None,,4465.20325658273
D22,SYBR,ITS,Std-04,4,Sr4,roots,,35.1293360931252,33.7406447632603,1.22001175060291,0.0001,0,None,None,None,None,,1715.35963922197
D23,SYBR,ITS,Std-04,4,Sr4,roots,,33.2514355513973,33.7406447632603,1.22001175060291,0.0001,0,None,None,None,None,,2802.91295590104
D24,SYBR,ITS,Std-04,4,Sr4,roots,,32.8411626452586,33.7406447632603,1.22001175060291,0.0001,0,86.5,578.133380537729,76.5,91,,3094.58015354987
E01,SYBR,ITS,Unkn-09,9,15,20,,21.729366774308,23.7581302465394,1.76202964760844,0.222547674066444,0.115642852037485,84,580.584105375132,68,95,,4427.28555234054
E02,SYBR,ITS,Unkn-09,9,15,20,,24.6389546565525,23.7581302465394,1.76202964760844,0.0245343283938425,0.115642852037485,None,None,None,None,,3902.03636760024
E03,SYBR,ITS,Unkn-09,9,15,20,,24.9060693087579,23.7581302465394,1.76202964760844,0.0200381322662909,0.115642852037485,84,546.962919408965,68,95,,4380.59840048281
E05,SYBR,ITS,Unkn-10,10,15,200,,24.9401020295643,28.1618362691666,2.7998459969389,0.0195279142674738,0.0109808597265819,None,None,None,None,,3910.86440408098
E06,SYBR,ITS,Unkn-10,10,15,200,,29.5393389237953,28.1618362691666,2.7998459969389,0.000598250915838576,0.0109808597265819,84,665.083868649916,70,95,,4812.30123441223
E07,SYBR,ITS,Unkn-10,10,15,200,,30.0060678541403,28.1618362691666,2.7998459969389,0.000420016427311978,0.0109808597265819,84,755.882787615305,74.5,95,,4934.27565890327
E09,SYBR,ITS,Unkn-37,37,51,20,,21.8832447305028,22.4585022823512,0.501397863885868,0.198050685438673,0.055010038282888,None,None,None,None,,4246.66457791814
E10,SYBR,ITS,Unkn-37,37,51,20,,22.6894840840374,22.4585022823512,0.501397863885868,0.107501443334546,0.055010038282888,None,None,None,None,,3910.11895706067
E11,SYBR,ITS,Unkn-37,37,51,20,,22.8027780325135,22.4585022823512,0.501397863885868,0.0986563914253782,0.055010038282888,None,None,None,None,,4375.03533786851
E13,SYBR,ITS,Unkn-51,51,51,200,,25.4321207425606,26.2326678230906,0.698988082024209,0.0134497743114321,0.0046469993403767,None,None,None,None,,4174.63453044274
E14,SYBR,ITS,Unkn-51,51,51,200,,26.7219785337006,26.2326678230906,0.698988082024209,0.0050603075057199,0.0046469993403767,None,None,None,None,,4160.08693577671
E15,SYBR,ITS,Unkn-51,51,51,200,,26.5439041930107,26.2326678230906,0.698988082024209,0.00579145264706537,0.0046469993403767,None,None,None,None,,4080.11858258544
E22,SYBR,ITS,Std-05,5,Sr5,roots,,37.8367041776003,36.8073453646546,1.45573319381616,1E-05,0,None,None,None,None,,877.187446623814
E23,SYBR,ITS,Std-05,5,Sr5,roots,,35.7779865517088,36.8073453646546,1.45573319381616,1E-05,0,None,None,None,None,,1545.23135932744
E24,SYBR,ITS,Std-05,5,Sr5,roots,,NaN,0,0,1E-05,0,None,None,None,None,,0.110672237958624
F01,SYBR,ITS,Unkn-11,11,16,20,,23.0184835985991,24.1697756105228,0.999840205307806,0.0837777804429869,0.0353045924585066,84,555.631188964465,69.5,94,,4215.67907897955
F02,SYBR,ITS,Unkn-11,11,16,20,,24.6707525893685,24.1697756105228,0.999840205307806,0.0239501558090185,0.0353045924585066,84,539.661992423946,70,95,,4121.39026614965
F03,SYBR,ITS,Unkn-11,11,16,20,,24.8200906436008,24.1697756105228,0.999840205307806,0.0213872958214628,0.0353045924585066,84,566.511364015324,70,94,,4169.48010035467
F05,SYBR,ITS,Unkn-12,12,16,200,,27.07494500017,28.2370987289946,1.05057625500747,0.00387260397972395,0.00164097995070654,84,543.416750286067,70,94,,4230.62321207916
F06,SYBR,ITS,Unkn-12,12,16,200,,29.1194387682553,28.2370987289946,1.05057625500747,0.000822408238034192,0.00164097995070654,84.5,574.842910496444,70,95,,4018.52012448283
F07,SYBR,ITS,Unkn-12,12,16,200,,28.5169124185585,28.2370987289946,1.05057625500747,0.001298375493133,0.00164097995070654,84,602.059687180331,70,95,,4236.94729419216
F09,SYBR,ITS,Unkn-38,38,52,20,,23.5023120816459,23.5968851036988,0.115137113227582,0.0580608892937662,0.00464009559252703,None,None,None,None,,3870.72108212785
F10,SYBR,ITS,Unkn-38,38,52,20,,23.563248734974,23.5968851036988,0.115137113227582,0.0554405158970203,0.00464009559252703,None,None,None,None,,3577.11831439496
F11,SYBR,ITS,Unkn-38,38,52,20,,23.7250944944764,23.5968851036988,0.115137113227582,0.0490408586430434,0.00464009559252703,None,None,None,None,,3794.56652885899
F13,SYBR,ITS,Unkn-52,52,52,200,,27.4581132391446,27.4707962692784,0.0173135398586689,0.00289660174593487,3.75189558359944E-05,None,None,None,None,,4080.43541463652
F14,SYBR,ITS,Unkn-52,52,52,200,,27.4905211405166,27.4707962692784,0.0173135398586689,0.00282632561671799,3.75189558359944E-05,None,None,None,None,,3986.38020972982
F15,SYBR,ITS,Unkn-52,52,52,200,,27.463754428174,27.4707962692784,0.0173135398586689,0.00288424449315985,3.75189558359944E-05,None,None,None,None,,4403.72161817402
F22,SYBR,ITS,Std-06,6,Sr6,roots,,NaN,0,0,1E-06,0,None,None,None,None,,-1.67203023538623
F23,SYBR,ITS,Std-06,6,Sr6,roots,,NaN,0,0,1E-06,0,None,None,None,None,,0.902391044307205
F24,SYBR,ITS,Std-06,6,Sr6,roots,,35.88603008071,35.88603008071,0,1E-06,0,None,None,None,None,,1407.19106277024
G01,SYBR,ITS,Unkn-13,13,17,20,,23.5704005526737,24.2114180070079,0.560848815172691,0.0551408358774175,0.0165244187339145,84,561.212004981484,70,93,,4225.13013271476
G02,SYBR,ITS,Unkn-13,13,17,20,,24.4520902706399,24.2114180070079,0.560848815172691,0.028266881057457,0.0165244187339145,84,588.666949162844,78.5,94,,4306.84001429243
G03,SYBR,ITS,Unkn-13,13,17,20,,24.6117631977101,24.2114180070079,0.560848815172691,0.0250451623080051,0.0165244187339145,84,580.99627575909,78,95,,4213.21037240275
G05,SYBR,ITS,Unkn-14,14,17,200,,26.7972094433441,27.4646648185729,0.594264892469856,0.00477986620294692,0.00147908094809569,84,557.143538146171,70,95,,4316.04067011513
G06,SYBR,ITS,Unkn-14,14,17,200,,27.660449568779,27.4646648185729,0.594264892469856,0.00248480723873584,0.00147908094809569,84.5,563.694766093477,70,94,,4371.11050750941
G07,SYBR,ITS,Unkn-14,14,17,200,,27.9363354435956,27.4646648185729,0.594264892469856,0.00201599219811279,0.00147908094809569,84,659.172088886216,70,95,,4557.81316054198
G09,SYBR,ITS,Unkn-39,39,53,20,,23.595602768051,23.6313542010814,0.0310346679010539,0.0540976499748206,0.00124671237646363,None,None,None,None,,3777.27525911251
G10,SYBR,ITS,Unkn-39,39,53,20,,23.6471022689097,23.6313542010814,0.0310346679010539,0.0520269158419795,0.00124671237646363,None,None,None,None,,3775.91272678058
G11,SYBR,ITS,Unkn-39,39,53,20,,23.6513575662835,23.6313542010814,0.0310346679010539,0.0518594028802186,0.00124671237646363,None,None,None,None,,3792.67128562907
G13,SYBR,ITS,Unkn-53,53,53,200,,27.5373927119334,27.5664325172175,0.0603566101373247,0.00272769051240785,0.000120548795522583,None,None,None,None,,4041.29520451736
G14,SYBR,ITS,Unkn-53,53,53,200,,27.6358198753233,27.5664325172175,0.0603566101373247,0.00253162404525397,0.000120548795522583,None,None,None,None,,4164.19114154296
G15,SYBR,ITS,Unkn-53,53,53,200,,27.5260849643958,27.5664325172175,0.0603566101373247,0.0027511665033745,0.000120548795522583,None,None,None,None,,4516.14179812899
H01,SYBR,ITS,Unkn-15,15,18,20,,23.5033141223643,24.4858147435325,1.09688534754331,0.0580168140546654,0.0234357951043751,None,None,None,None,,4134.72447572834
H02,SYBR,ITS,Unkn-15,15,18,20,,24.2848390341575,24.4858147435325,1.09688534754331,0.0320867864315104,0.0234357951043751,None,None,None,None,,3864.47693447387
H03,SYBR,ITS,Unkn-15,15,18,20,,25.6692910740756,24.4858147435325,1.09688534754331,0.011237088546556,0.0234357951043751,None,None,None,None,,3871.17894159444
H05,SYBR,ITS,Unkn-16,16,18,200,,27.7786881834573,28.7914488936092,0.908978769986701,0.00227183177199323,0.000899603721076468,None,None,None,None,,4404.97715858038
H06,SYBR,ITS,Unkn-16,16,18,200,,29.0591260600467,28.7914488936092,0.908978769986701,0.000860871856159298,0.000899603721076468,84.5,542.357525254839,81.5,95,,4476.69716920287
H07,SYBR,ITS,Unkn-16,16,18,200,,29.5365324373234,28.7914488936092,0.908978769986701,0.000599524708614124,0.000899603721076468,None,None,None,None,,4198.65439493506
H09,SYBR,ITS,Unkn-40,40,54,20,,23.3321840513011,23.4817297263355,0.177457144034217,0.0660509199549857,0.00776296294194061,None,None,None,None,,3602.58625639479
H10,SYBR,ITS,Unkn-40,40,54,20,,23.435184361271,23.4817297263355,0.177457144034217,0.0610910802143298,0.00776296294194061,None,None,None,None,,3578.73325719181
H11,SYBR,ITS,Unkn-40,40,54,20,,23.6778207664345,23.4817297263355,0.177457144034217,0.0508296982193032,0.00776296294194061,None,None,None,None,,3678.52443296141
H13,SYBR,ITS,Unkn-54,54,54,200,,26.538816819864,26.9891103870667,0.465544048574773,0.00581382486837408,0.00147160285180527,None,None,None,None,,3600.95115055599
H14,SYBR,ITS,Unkn-54,54,54,200,,27.4685366206149,26.9891103870667,0.465544048574773,0.00287381020369502,0.00147160285180527,None,None,None,None,,3873.66293133492
H15,SYBR,ITS,Unkn-54,54,54,200,,26.9599777207213,26.9891103870667,0.465544048574773,0.00422515756414734,0.00147160285180527,None,None,None,None,,4206.61758182783
H22,SYBR,ITS,Std-07,7,Ss1,soil,,23.1001438419082,23.1582284122355,0.451684846902752,0.1,1.69967494438815E-17,None,None,None,None,,3438.73939598512
H23,SYBR,ITS,Std-07,7,Ss1,soil,,23.6361457779494,23.1582284122355,0.451684846902752,0.1,1.69967494438815E-17,None,None,None,None,,3571.41652024174
H24,SYBR,ITS,Std-07,7,Ss1,soil,,22.738395616849,23.1582284122355,0.451684846902752,0.1,1.69967494438815E-17,None,None,None,None,,3605.02625706963
I01,SYBR,ITS,Unkn-17,17,19,20,,23.4268013093247,24.4978197886218,0.990775768124959,0.0614804397268048,0.0250971455836636,84.5,559.925465814138,69.5,95,,4025.10400592326
I02,SYBR,ITS,Unkn-17,17,19,20,,24.6850099425791,24.4978197886218,0.990775768124959,0.0236927646766073,0.0250971455836636,84,581.844340727443,68,95,,4173.14578813952
I03,SYBR,ITS,Unkn-17,17,19,20,,25.3816481139615,24.4978197886218,0.990775768124959,0.0139742122269359,0.0250971455836636,84,605.496735416067,70,95,,4259.0892356453
I05,SYBR,ITS,Unkn-18,18,19,200,,27.5824168674892,28.9027398679972,1.15549370369401,0.00263618595399814,0.001182350711849,84.5,663.753316028401,70.5,95,,4631.61937361292
I06,SYBR,ITS,Unkn-18,18,19,200,,29.3963898670758,28.9027398679972,1.15549370369401,0.000666703894995746,0.001182350711849,84,661.201000219931,74,90.5,,4590.38512371135
I07,SYBR,ITS,Unkn-18,18,19,200,,29.7294128694265,28.9027398679972,1.15549370369401,0.000517992264753156,0.001182350711849,84,628.663919963251,74,95,,4536.93414061429
I09,SYBR,ITS,Unkn-41,41,55,20,,23.6501572593352,23.9634476039689,0.278829902757688,0.0519065991740077,0.00912811452335924,None,None,None,None,,3935.20549536231
I10,SYBR,ITS,Unkn-41,41,55,20,,24.0558044830956,23.9634476039689,0.278829902757688,0.0381688998782252,0.00912811452335924,None,None,None,None,,4034.72860486305
I11,SYBR,ITS,Unkn-41,41,55,20,,24.184381069476,23.9634476039689,0.278829902757688,0.0346250583370589,0.00912811452335924,None,None,None,None,,3849.15398850493
I13,SYBR,ITS,Unkn-55,55,55,200,,28.0502002794496,27.9904933205479,0.30353569919522,0.00184931920009402,0.000464391799106222,None,None,None,None,,4400.53990497742
I14,SYBR,ITS,Unkn-55,55,55,200,,28.2597388714866,27.9904933205479,0.30353569919522,0.00157777573737466,0.000464391799106222,None,None,None,None,,4275.8391425221
I15,SYBR,ITS,Unkn-55,55,55,200,,27.6615408107075,27.9904933205479,0.30353569919522,0.00248275312401915,0.000464391799106222,None,None,None,None,,4224.61278762438
I22,SYBR,ITS,Std-08,8,Ss2,soil,,26.6700624402216,26.7427356957884,0.062989753498163,0.01,0,None,None,None,None,,4026.10114399976
I23,SYBR,ITS,Std-08,8,Ss2,soil,,26.7764921123891,26.7427356957884,0.062989753498163,0.01,0,None,None,None,None,,4053.89853731246
I24,SYBR,ITS,Std-08,8,Ss2,soil,,26.7816525347546,26.7427356957884,0.062989753498163,0.01,0,None,None,None,None,,4142.83010216095
J01,SYBR,ITS,Unkn-19,19,20,20,,22.6767758878146,24.2540251332726,1.42964463520085,0.108541798822538,0.0520301905398547,84,530.458067928938,69.5,95,,3942.09827740793
J02,SYBR,ITS,Unkn-19,19,20,20,,24.6206338839838,24.2540251332726,1.42964463520085,0.0248773543409226,0.0520301905398547,84,530.194149520744,61.5,94,,3876.96113522212
J03,SYBR,ITS,Unkn-19,19,20,20,,25.4646656280196,24.2540251332726,1.42964463520085,0.013122099219684,0.0520301905398547,84,552.240805769324,64.5,93.5,,4131.73408016473
J05,SYBR,ITS,Unkn-20,20,20,200,,26.2297392291604,28.6702897373578,2.11764558053039,0.00734835918515814,0.00397684975672084,84,564.157793253313,57.5,95,,4311.01396849247
J06,SYBR,ITS,Unkn-20,20,20,200,,30.0217431811193,28.6702897373578,2.11764558053039,0.000415056260272193,0.00397684975672084,84,596.78950074457,70,95,,4472.74946562989
J07,SYBR,ITS,Unkn-20,20,20,200,,29.7593868017936,28.6702897373578,2.11764558053039,0.000506358129499996,0.00397684975672084,84.5,620.824267837747,74.5,95,,4299.1158216669
J09,SYBR,ITS,Unkn-42,42,56,20,,23.6748218358817,24.0759105447922,0.385267002649975,0.0509453541953039,0.0113811085036558,None,None,None,None,,3825.21443462369
J10,SYBR,ITS,Unkn-42,42,56,20,,24.109791918897,24.0759105447922,0.385267002649975,0.0366387338359266,0.0113811085036558,None,None,None,None,,3541.26565855553
J11,SYBR,ITS,Unkn-42,42,56,20,,24.4431178795978,24.0759105447922,0.385267002649975,0.0284597463164625,0.0113811085036558,None,None,None,None,,3472.72677154985
J13,SYBR,ITS,Unkn-56,56,56,200,,27.1524462292966,27.6192231398666,0.470708180957699,0.00365169650360929,0.000934805287370189,None,None,None,None,,3680.86271582609
J14,SYBR,ITS,Unkn-56,56,56,200,,27.6114567104002,27.6192231398666,0.470708180957699,0.0025788019875987,0.000934805287370189,None,None,None,None,,3967.89775308859
J15,SYBR,ITS,Unkn-56,56,56,200,,28.0937664799031,27.6192231398666,0.470708180957699,0.00178925686477309,0.000934805287370189,None,None,None,None,,4256.96387028078
J22,SYBR,ITS,Std-09,9,Ss3,soil,,30.9406571931455,31.1834726459864,1.08736489060287,0.001,0,None,None,None,None,,3887.25468578665
J23,SYBR,ITS,Std-09,9,Ss3,soil,,30.238042569734,31.1834726459864,1.08736489060287,0.001,0,83,655.388319430256,78,95,,4355.68811244421
J24,SYBR,ITS,Std-09,9,Ss3,soil,,32.3717181750799,31.1834726459864,1.08736489060287,0.001,0,None,None,None,None,,3249.86073643981
K01,SYBR,ITS,Unkn-21,21,31,20,,21.8789654666071,22.1272447031741,0.247096988529802,0.198694025143877,0.0310939158976734,None,None,None,None,,3627.69634356381
K02,SYBR,ITS,Unkn-21,21,31,20,,22.1296264171646,22.1272447031741,0.247096988529802,0.164317330693839,0.0310939158976734,None,None,None,None,,3594.89341990701
K03,SYBR,ITS,Unkn-21,21,31,20,,22.3731422257505,22.1272447031741,0.247096988529802,0.136626094848476,0.0310939158976734,None,None,None,None,,3617.82640330245
K05,SYBR,ITS,Unkn-22,22,31,200,,25.4630461408773,25.5664004856547,0.0925481160532575,0.0131382145006324,0.00086523588461176,None,None,None,None,,3972.92701419089
K06,SYBR,ITS,Unkn-22,22,31,200,,25.6416055849971,25.5664004856547,0.0925481160532575,0.0114753537521814,0.00086523588461176,None,None,None,None,,3830.97887363606
K07,SYBR,ITS,Unkn-22,22,31,200,,25.5945497310896,25.5664004856547,0.0925481160532575,0.0118919709075899,0.00086523588461176,None,None,None,None,,3753.52757731535
K09,SYBR,ITS,Unkn-43,43,57,20,,22.4287158053322,23.3368957344707,0.799146674046932,0.130991288167459,0.048796479716942,None,None,None,None,,4015.90215523538
K10,SYBR,ITS,Unkn-43,43,57,20,,23.649414802056,23.3368957344707,0.799146674046932,0.0519358142319801,0.048796479716942,None,None,None,None,,4036.76165835939
K11,SYBR,ITS,Unkn-43,43,57,20,,23.9325565960238,23.3368957344707,0.799146674046932,0.0419058744086781,0.048796479716942,None,None,None,None,,4309.35561174325
K13,SYBR,ITS,Unkn-57,57,57,200,,25.6241964979524,27.4153415629552,1.55761711355218,0.0116277592806276,0.00583424997583173,None,None,None,None,,4134.4624212398
K14,SYBR,ITS,Unkn-57,57,57,200,,28.169419963007,27.4153415629552,1.55761711355218,0.00168955541016183,0.00583424997583173,None,None,None,None,,4495.13510132958
K15,SYBR,ITS,Unkn-57,57,57,200,,28.4524082279062,27.4153415629552,1.55761711355218,0.00136342399706425,0.00583424997583173,None,None,None,None,,4625.12571697346
K22,SYBR,ITS,Std-10,10,Ss4,soil,,33.32202295326,31.5583059962007,1.96022434150705,0.0001,0,None,None,None,None,,2840.46423726645
K23,SYBR,ITS,Std-10,10,Ss4,soil,,31.905046858617,31.5583059962007,1.96022434150705,0.0001,0,None,None,None,None,,3475.14230113144
K24,SYBR,ITS,Std-10,10,Ss4,soil,,29.4478481767251,31.5583059962007,1.96022434150705,0.0001,0,None,None,None,None,,4233.95270065038
L01,SYBR,ITS,Unkn-23,23,32,20,,22.0720847416676,22.9122972841773,0.733134351517276,0.171641532638338,0.0610462635963531,None,None,None,None,,3639.88561295495
L02,SYBR,ITS,Unkn-23,23,32,20,,23.4219476224146,22.9122972841773,0.733134351517276,0.0617070075572065,0.0610462635963531,None,None,None,None,,3687.90617572919
L03,SYBR,ITS,Unkn-23,23,32,20,,23.2428594884496,22.9122972841773,0.733134351517276,0.0706771066676674,0.0610462635963531,None,None,None,None,,3460.20722844211
L05,SYBR,ITS,Unkn-24,24,32,200,,26.3429918715328,26.8067977964497,0.419059356779317,0.00674395870844537,0.0016266263541354,None,None,None,None,,4001.73738214012
L06,SYBR,ITS,Unkn-24,24,32,200,,27.1581737370802,26.8067977964497,0.419059356779317,0.00363588006651411,0.0016266263541354,None,None,None,None,,4132.06408784266
L07,SYBR,ITS,Unkn-24,24,32,200,,26.9192277807361,26.8067977964497,0.419059356779317,0.00435767828384362,0.0016266263541354,None,None,None,None,,3991.12548970376
L09,SYBR,ITS,Unkn-44,44,58,20,,22.5780412549104,23.0080601021434,0.387505863778099,0.11697528043709,0.0266233831828058,None,None,None,None,,3516.14120216104
L10,SYBR,ITS,Unkn-44,44,58,20,,23.1159544580489,23.0080601021434,0.387505863778099,0.077812205074915,0.0266233831828058,None,None,None,None,,3574.57354569604
L11,SYBR,ITS,Unkn-44,44,58,20,,23.3301845934709,23.0080601021434,0.387505863778099,0.066151083739396,0.0266233831828058,None,None,None,None,,3397.0641385198
L13,SYBR,ITS,Unkn-58,58,58,200,,26.4231303560477,26.797837853166,0.357056566238554,0.00634656125721803,0.0013403947139315,None,None,None,None,,3697.92561790635
L14,SYBR,ITS,Unkn-58,58,58,200,,27.1341382706928,26.797837853166,0.357056566238554,0.00370271662626692,0.0013403947139315,None,None,None,None,,3990.1604684377
L15,SYBR,ITS,Unkn-58,58,58,200,,26.8362449327575,26.797837853166,0.357056566238554,0.00464053199966811,0.0013403947139315,None,None,None,None,,3997.71877728308
L22,SYBR,ITS,Std-11,11,Ss5,soil,,36.7081159800667,34.4938722596487,2.24278081780188,1E-05,0,None,None,None,None,,1064.98314432107
L23,SYBR,ITS,Std-11,11,Ss5,soil,,34.5498967172528,34.4938722596487,2.24278081780188,1E-05,0,None,None,None,None,,2114.24475021487
L24,SYBR,ITS,Std-11,11,Ss5,soil,,32.2236040816266,34.4938722596487,2.24278081780188,1E-05,0,None,None,None,None,,3096.99644270404
M01,SYBR,ITS,Unkn-25,25,33,20,,22.4221484045832,24.3033660594444,1.6513592057008,0.131644881599118,0.0669383482733916,None,None,None,None,,3568.25133778713
M02,SYBR,ITS,Unkn-25,25,33,20,,24.974248493039,24.3033660594444,1.6513592057008,0.0190290472197508,0.0669383482733916,None,None,None,None,,3835.25233605353
M03,SYBR,ITS,Unkn-25,25,33,20,,25.5137012807108,24.3033660594444,1.6513592057008,0.012643401789427,0.0669383482733916,None,None,None,None,,3981.10332202385
M05,SYBR,ITS,Unkn-26,26,33,200,,24.9084162281658,27.9769616299956,2.65744438601483,0.0200025232675526,0.0111956231490967,None,None,None,None,,4139.23870528035
M06,SYBR,ITS,Unkn-26,26,33,200,,29.5169354223349,27.9769616299956,2.65744438601483,0.000608495206689629,0.0111956231490967,85,559.952777670901,74.5,90.5,,4520.31135281715
M07,SYBR,ITS,Unkn-26,26,33,200,,29.5055332394862,27.9769616299956,2.65744438601483,0.000613776173802736,0.0111956231490967,None,None,None,None,,4516.4630803027
M09,SYBR,ITS,Unkn-45,45,59,20,,22.7851285733608,23.1998625130246,0.359861131553352,0.0999848711012997,0.0217205748429584,None,None,None,None,,4096.10374784766
M10,SYBR,ITS,Unkn-45,45,59,20,,23.4295196930633,23.1998625130246,0.359861131553352,0.0613539104679884,0.0217205748429584,None,None,None,None,,4160.30320778291
M11,SYBR,ITS,Unkn-45,45,59,20,,23.3849392726498,23.1998625130246,0.359861131553352,0.063462218589994,0.0217205748429584,None,None,None,None,,4068.7264365106
M13,SYBR,ITS,Unkn-59,59,59,200,,26.0923835049364,26.8625807144047,0.66895496157213,0.00815453182152108,0.00274818927304283,None,None,None,None,,4235.99372638638
M14,SYBR,ITS,Unkn-59,59,59,200,,27.2986492564289,26.8625807144047,0.66895496157213,0.00326869243591334,0.00274818927304283,None,None,None,None,,4519.3720298041
M15,SYBR,ITS,Unkn-59,59,59,200,,27.196709381849,26.8625807144047,0.66895496157213,0.00353123074810137,0.00274818927304283,None,None,None,None,,4280.70002149679
M22,SYBR,ITS,Std-12,12,Ss6,soil,,36.5071624524156,35.6143747950541,1.26259241336001,1E-06,0,None,None,None,None,,314.375178444416
M23,SYBR,ITS,Std-12,12,Ss6,soil,,34.7215871376925,35.6143747950541,1.26259241336001,1E-06,0,None,None,None,None,,2255.57589568843
M24,SYBR,ITS,Std-12,12,Ss6,soil,,NaN,0,0,1E-06,0,None,None,None,None,,-8.50465248948158
N01,SYBR,ITS,Unkn-27,27,34,20,,21.361652801958,22.3215125216416,0.833002083462831,0.294070059899242,0.112788986316202,None,None,None,None,,3645.83755019987
N02,SYBR,ITS,Unkn-27,27,34,20,,22.7476421960726,22.3215125216416,0.833002083462831,0.102866127684723,0.112788986316202,None,None,None,None,,3808.02798452452
N03,SYBR,ITS,Unkn-27,27,34,20,,22.855242566894,22.3215125216416,0.833002083462831,0.0948106843511309,0.112788986316202,None,None,None,None,,3728.38923205583
N05,SYBR,ITS,Unkn-28,28,34,200,,25.9002786524265,26.4885155891773,0.510683351235377,0.00943251649276908,0.00265776467305396,None,None,None,None,,4146.21327355702
N06,SYBR,ITS,Unkn-28,28,34,200,,26.7468504731811,26.4885155891773,0.510683351235377,0.00496581651824592,0.00265776467305396,None,None,None,None,,4272.63539826124
N07,SYBR,ITS,Unkn-28,28,34,200,,26.8184176419244,26.4885155891773,0.510683351235377,0.00470365399798586,0.00265776467305396,None,None,None,None,,4107.3408320068
N09,SYBR,ITS,Unkn-46,46,60,20,,22.6935503662516,23.2007140970679,0.450880192785192,0.107170667844202,0.0274056386049677,None,None,None,None,,3779.61379159086
N10,SYBR,ITS,Unkn-46,46,60,20,,23.3524055269369,23.2007140970679,0.450880192785192,0.0650463997451265,0.0274056386049677,None,None,None,None,,3783.26428243711
N11,SYBR,ITS,Unkn-46,46,60,20,,23.5561863980153,23.2007140970679,0.450880192785192,0.0557380446666278,0.0274056386049677,None,None,None,None,,3663.97930590172
N13,SYBR,ITS,Unkn-60,60,60,200,,26.0659476143813,26.6017382866292,0.469591886599931,0.00831955359627676,0.00220109844400911,None,None,None,None,,3615.44365836143
N14,SYBR,ITS,Unkn-60,60,60,200,,26.7974338539892,26.6017382866292,0.469591886599931,0.00477905334850915,0.00220109844400911,None,None,None,None,,4087.90283420717
N15,SYBR,ITS,Unkn-60,60,60,200,,26.9418333915171,26.6017382866292,0.469591886599931,0.00428365862438035,0.00220109844400911,None,None,None,None,,3823.13714730475
O01,SYBR,ITS,Unkn-29,29,35,20,,22.814718267935,22.2731829615577,0.809989986028081,0.0977676710514392,0.112596673766609,None,None,None,None,,3447.83093639135
O02,SYBR,ITS,Unkn-29,29,35,20,,22.6628230698512,22.2731829615577,0.809989986028081,0.109695644341262,0.112596673766609,None,None,None,None,,3758.13861969691
O03,SYBR,ITS,Unkn-29,29,35,20,,21.3420075468869,22.2731829615577,0.809989986028081,0.298481049017121,0.112596673766609,None,None,None,None,,3635.51858241468
O05,SYBR,ITS,Unkn-30,30,35,200,,25.2283413904857,26.3812146135498,1.00082587875154,0.0156958930734216,0.0066186948201285,None,None,None,None,,3905.96908034889
O06,SYBR,ITS,Unkn-30,30,35,200,,27.0270409810635,26.3812146135498,1.00082587875154,0.00401578085006173,0.0066186948201285,None,None,None,None,,3881.92029249268
O07,SYBR,ITS,Unkn-30,30,35,200,,26.8882614691002,26.3812146135498,1.00082587875154,0.00446115465383174,0.0066186948201285,None,None,None,None,,4106.43796503101
P01,SYBR,ITS,Unkn-31,31,36,20,,21.0487500054898,21.4005925302068,0.309930117111485,0.372767681386941,0.0716249908766308,84,592.35512515618,79.5,94,,4606.11886071371
P02,SYBR,ITS,Unkn-31,31,36,20,,21.5198409962401,21.4005925302068,0.309930117111485,0.260846760466627,0.0716249908766308,None,None,None,None,,4235.50420578432
P03,SYBR,ITS,Unkn-31,31,36,20,,21.6331865888905,21.4005925302068,0.309930117111485,0.239375324724419,0.0716249908766308,None,None,None,None,,3599.52643918152
P05,SYBR,ITS,Unkn-32,32,36,200,,25.0242770103345,25.3524645412486,0.284633282240432,0.0183210718926779,0.00329657093047643,None,None,None,None,,4141.22757734856
P06,SYBR,ITS,Unkn-32,32,36,200,,25.5012020775674,25.3524645412486,0.284633282240432,0.0127637377344425,0.00329657093047643,83.5,540.595791855696,70,95,,4590.43208325145
P07,SYBR,ITS,Unkn-32,32,36,200,,25.5319145358438,25.3524645412486,0.284633282240432,0.0124700819969816,0.00329657093047643,None,None,None,None,,4368.98598273476
P22,SYBR,ITS,NTC,,NTC,,,37.9038302425982,37.9038302425982,0,NaN,0,None,None,None,None,,808.311740001908
P23,SYBR,ITS,NTC,,NTC,,,NaN,0,0,NaN,0,None,None,None,None,,-8.79861042676121
P24,SYBR,ITS,NTC,,NTC,,,2.96440770341566,2.96440770341566,0,NaN,0,None,None,None,None,,52.5388460127559
